{
  "domains": [
    {
      "id": 1,
      "name": "example.com",
      "value": 2500,
      "category": "Business",
      "length": 11,
      "extension": ".com",
      "age": 5,
      "traffic": 1200,
      "relevance": 85,
      "brandability": 80,
      "potentialROI": 35
    },
    {
      "id": 2,
      "name": "domainmarket.net",
      "value": 1800,
      "category": "E-commerce",
      "length": 14,
      "extension": ".net",
      "age": 3,
      "traffic": 800,
      "relevance": 75,
      "brandability": 70,
      "potentialROI": 28
    },
    {
      "id": 3,
      "name": "techhub.io",
      "value": 3200,
      "category": "Technology",
      "length": 10,
      "extension": ".io",
      "age": 2,
      "traffic": 2000,
      "relevance": 90,
      "brandability": 85,
      "potentialROI": 42
    },
    {
      "id": 4,
      "name": "healthportal.org",
      "value": 1950,
      "category": "Healthcare",
      "length": 16,
      "extension": ".org",
      "age": 4,
      "traffic": 1500,
      "relevance": 80,
      "brandability": 75,
      "potentialROI": 30
    },
    {
      "id": 5,
      "name": "financetools.com",
      "value": 2800,
      "category": "Finance",
      "length": 13,
      "extension": ".com",
      "age": 6,
      "traffic": 1800,
      "relevance": 88,
      "brandability": 82,
      "potentialROI": 38
    },
    {
      "id": 6,
      "name": "travelblog.net",
      "value": 1600,
      "category": "Travel",
      "length": 11,
      "extension": ".net",
      "age": 2,
      "traffic": 950,
      "relevance": 72,
      "brandability": 78,
      "potentialROI": 25
    },
    {
      "id": 7,
      "name": "educationhub.org",
      "value": 2100,
      "category": "Education",
      "length": 14,
      "extension": ".org",
      "age": 7,
      "traffic": 2200,
      "relevance": 86,
      "brandability": 75,
      "potentialROI": 32
    },
    {
      "id": 8,
      "name": "gamenow.com",
      "value": 3500,
      "category": "Gaming",
      "length": 9,
      "extension": ".com",
      "age": 1,
      "traffic": 3500,
      "relevance": 92,
      "brandability": 88,
      "potentialROI": 45
    },
    {
      "id": 9,
      "name": "sportsfan.net",
      "value": 1750,
      "category": "Sports",
      "length": 10,
      "extension": ".net",
      "age": 3,
      "traffic": 1300,
      "relevance": 78,
      "brandability": 76,
      "potentialROI": 27
    },
    {
      "id": 10,
      "name": "recipebook.com",
      "value": 2200,
      "category": "Food",
      "length": 11,
      "extension": ".com",
      "age": 5,
      "traffic": 1700,
      "relevance": 84,
      "brandability": 79,
      "potentialROI": 33
    }
  ]
} 